{"cameraMode":{"drawMode":0,"name":"Shaded","section":"Shading Mode"},"sceneLighting":true,"audioPlay":false,"sceneViewState":{"m_AlwaysRefresh":false,"showFog":true,"showSkybox":true,"showFlares":true,"showImageEffects":true,"showParticleSystems":true,"showVisualEffectGraphs":true,"m_FxEnabled":true},"in2DMode":false,"pivot":{"x":-43.104644775390628,"y":-17.63066291809082,"z":114.25453186035156},"rotation":{"x":-0.20609523355960847,"y":0.48578837513923647,"z":-0.11904233694076538,"w":-0.841057538986206},"size":12.416295051574707,"orthographic":false}