{"cameraMode":{"drawMode":0,"name":"Shaded","section":"Shading Mode"},"sceneLighting":true,"audioPlay":false,"sceneViewState":{"m_AlwaysRefresh":false,"showFog":true,"showSkybox":true,"showFlares":true,"showImageEffects":true,"showParticleSystems":true,"showVisualEffectGraphs":true,"m_FxEnabled":true},"in2DMode":false,"pivot":{"x":-48.52318572998047,"y":16.138954162597658,"z":26.906883239746095},"rotation":{"x":0.16366373002529145,"y":-0.007420226000249386,"z":0.001107413205318153,"w":0.986550509929657},"size":48.074859619140628,"orthographic":false}